{
	"plugin_name": "MP3Voice",
	"plugin_scope": "mp3voice",
	"plugin_exec": "mp3voice.js",
	"command_map": {
		"yt2mp3": {
			"hargs": {
				"vi_VN": "<đường link youtube>",
				"en_US": "<youtube link>"
			},
			"hdesc": {
				"vi_VN": "Chuyển đổi link youtube thành MP3",
				"en_US": "Convert a youtube link to MP3"
			},
			"fscope": "yt2mp3",
			"compatibly": 3
		},
		"ytsearch": {
			"hargs": {
				"vi_VN": "<tên video>",
				"en_US": "<video name>"
			},
			"hdesc": {
				"vi_VN": "Tìm kiếm các video trên Youtube",
				"en_US": "Search youtube videos"
			},
			"fscope": "ytSearchFunc",
			"compatibly": 0
		},
		"dplay": {
			"hargs": {
				"vi_VN": "<link mp3/link youtube/tên>",
				"en_US": "<mp3 link/youtube link/name>"
			},
			"hdesc": {
				"vi_VN": "Phát nhạc tại kênh Voice hiện tại của bạn",
				"en_US": "Play music at your current voice channel"
			},
			"fscope": "dplay",
			"compatibly": 2
		}
	},
	"author": "FuryCS",
	"version": "2.0.2 (Base UIRI)",
	"node_depends": {
		"ytdl-core": "",
		"stream-buffers": "",
		"wait-for-stuff": "",
		"promise-streams": "",
		"fs": "",
		"path": "",
		"child_process": "",
		"ytsr": "",
		"node-fetch": "",
		"sanitize-filename": "",
		"adm-zip": "",
		"ftp": ""
	},
	"file_map": {},
	"complied_for": "0.5.0"
}